cycle,pid,epoch,vmsize_kib,vmrss_kib,threads
0,1991,1791190447,2199476,200384,21
1,1991,1791190455,2197572,172336,21
2,1991,1791190463,2196292,172876,21
3,1991,1791190470,2196292,173488,21
4,1991,1791190478,2196292,171800,21
5,1991,1791190485,2196292,171672,21
6,1991,1791190493,2196292,172004,21
7,1991,1791190500,2196292,172420,21
8,1991,1791190508,2196292,172380,21
9,1991,1791190515,2196292,172584,21
10,1991,1791190523,2196292,172060,21
11,1991,1791190530,2196292,172244,21
12,1991,1791190538,2196292,172056,21
13,1991,1791190545,2196292,172148,21
14,1991,1791190553,2196292,172308,21
15,1991,1791190560,2196292,172460,21
